Reference,Pad,Net,X_mm,Y_mm
C1,1,/Power + ESP32-C3/USB_5V,11.525,62.75
C1,2,GND,14.475,62.75
C2,1,/Power + ESP32-C3/VBAT,14.475,55.0
C2,2,GND,11.525,55.0
C3,1,/+3V3,34.5,60.425
C3,2,/Power + ESP32-C3/BUCK_FB,34.5,61.975
C4,1,/VSYS,27.975,66.1
C4,2,GND,25.025,66.1
C5,1,/+3V3,22.5,63.775
C5,2,GND,22.5,66.725
C6,1,/+3V3,22.475,61.2
C6,2,GND,19.525,61.2
C9,1,/+3V3,50.775,65.5
C9,2,GND,53.725,65.5
C10,1,/+3V3,53.75,67.725
C10,2,GND,53.75,69.275
C11,1,/+3V3,44.775,66.5
C11,2,GND,43.225,66.5
C12,1,/Power + ESP32-C3/ESP_EN,55.025,72.5
C12,2,GND,53.475,72.5
C13,1,/Power + ESP32-C3/VBAT_ADC,50.475,39.25
C13,2,GND,52.025,39.25
C14,1,/Power + ESP32-C3/VBUS,14.25,48.475
C14,2,GND,14.25,50.025
C15,1,/+3V3,18.95,90.0
C15,2,GND,17.05,90.0
C16,1,/+3V3,20.5,89.225
C16,2,GND,20.5,90.775
C17,1,/VSYS,17.0,84.525
C17,2,GND,17.0,87.475
C18,1,/VSYS,20.2,85.225
C18,2,GND,20.2,86.775
C19,1,/NFC {slash} PN7160 {slash} 0x28/NFC_VDDUP,17.0,79.525
C19,2,GND,17.0,82.475
C20,1,/NFC {slash} PN7160 {slash} 0x28/NFC_VDDUP,20.3,78.725
C20,2,GND,20.3,80.275
C21,1,/NFC {slash} PN7160 {slash} 0x28/NFC_VDD18,29.5,97.15
C21,2,GND,29.5,95.25
C22,1,/NFC {slash} PN7160 {slash} 0x28/NFC_VDD18,36.25,90.5
C22,2,GND,34.35,90.5
C23,1,/NFC {slash} PN7160 {slash} 0x28/NFC_TVDD,25.0,96.85
C23,2,GND,25.0,94.95
C24,1,/NFC {slash} PN7160 {slash} 0x28/NFC_TVDD,33.95,87.9
C24,2,GND,32.05,87.9
C25,1,/NFC {slash} PN7160 {slash} 0x28/NFC_VMID,25.525,79.5
C25,2,GND,27.075,79.5
C26,1,/NFC {slash} PN7160 {slash} 0x28/NFC_XTAL1,31.225,94.9
C26,2,GND,32.775,94.9
C27,1,/NFC {slash} PN7160 {slash} 0x28/NFC_XTAL2,31.225,89.9
C27,2,GND,32.775,89.9
C28,1,/NFC {slash} PN7160 {slash} 0x28/NFC_RXN,22.9625,81.5
C28,2,Net-(C28-Pad2),25.0375,81.5
C29,1,/NFC {slash} PN7160 {slash} 0x28/NFC_RXP,22.9625,77.5
C29,2,Net-(C29-Pad2),25.0375,77.5
C30,1,/NFC {slash} PN7160 {slash} 0x28/RF_EMC_P,31.5,82.6375
C30,2,GND,31.5,80.5625
C31,1,GND,31.5,78.4375
C31,2,/NFC {slash} PN7160 {slash} 0x28/RF_EMC_N,31.5,76.3625
C32,1,/NFC {slash} PN7160 {slash} 0x28/RF_EMC_P,35.9625,84.85
C32,2,/NFC {slash} PN7160 {slash} 0x28/RF_MATCH_P,38.0375,84.85
C33,1,/NFC {slash} PN7160 {slash} 0x28/RF_EMC_N,35.9625,74.15
C33,2,/NFC {slash} PN7160 {slash} 0x28/RF_MATCH_N,38.0375,74.15
C36,1,/NFC {slash} PN7160 {slash} 0x28/RF_MATCH_P,40.0,82.6375
C36,2,GND,40.0,80.5625
C37,1,GND,40.0,78.4375
C37,2,/NFC {slash} PN7160 {slash} 0x28/RF_MATCH_N,40.0,76.3625
C40,1,/OLED {slash} SSD1309 {slash} 0x3C/OLED_BOOST_IN,3.025,87.0
C40,2,GND,5.975,87.0
C41,1,/OLED {slash} SSD1309 {slash} 0x3C/OLED_12V5,1.5,74.225
C41,2,/OLED {slash} SSD1309 {slash} 0x3C/OLED_FB,1.5,75.775
C42,1,/OLED {slash} SSD1309 {slash} 0x3C/OLED_12V5,3.55,66.75
C42,2,GND,5.45,66.75
C43,1,/+3V0,29.475,57.25
C43,2,GND,31.025,57.25
C44,1,/+3V0,27.25,43.8
C44,2,GND,27.25,45.7
C45,1,/OLED {slash} SSD1309 {slash} 0x3C/OLED_12V5,16.225,49.0
C45,2,GND,17.775,49.0
C46,1,/OLED {slash} SSD1309 {slash} 0x3C/OLED_12V5,16.525,51.75
C46,2,GND,19.475,51.75
C47,1,/OLED {slash} SSD1309 {slash} 0x3C/OLED_VCOMH,23.0,44.55
C47,2,GND,23.0,46.45
C48,1,/OLED {slash} SSD1309 {slash} 0x3C/OLED_RES_N,34.5,57.225
C48,2,GND,34.5,58.775
C49,1,/+3V3,38.25,40.05
C49,2,GND,38.25,41.95
C50,1,/+3V0,29.5,43.8
C50,2,GND,29.5,45.7
C51,1,/+3V3,16.125,18.5
C51,2,GND,17.675,18.5
C52,1,/+3V3,15.95,21.5
C52,2,GND,17.85,21.5
C53,1,/NFC {slash} PN7160 {slash} 0x28/RF_EMC_P,33.7,82.6375
C53,2,GND,33.7,80.5625
C54,1,GND,33.7,78.4375
C54,2,/NFC {slash} PN7160 {slash} 0x28/RF_EMC_N,33.7,76.3625
D1,1,/Power + ESP32-C3/USB_5V,9.0,40.75
D1,2,/Power + ESP32-C3/VBUS,13.0,40.75
D2,1,/VSYS,16.25,41.25
D2,2,/Power + ESP32-C3/USB_5V,20.25,41.25
D3,1,Net-(D3-K),15.5,65.2125
D3,2,/Power + ESP32-C3/USB_5V,15.5,66.7875
D4,1,/OLED {slash} SSD1309 {slash} 0x3C/OLED_12V5,4.5,69.5
D4,2,/OLED {slash} SSD1309 {slash} 0x3C/OLED_SW,4.5,73.5
DS1,1,GND,35.75,49.3
DS1,2,GND,35.25,49.3
DS1,3,GND,34.75,49.3
DS1,4,unconnected-(DS1-NC-Pad4),34.25,49.3
DS1,5,/+3V0,33.75,49.3
DS1,6,/+3V0,33.25,49.3
DS1,7,GND,32.75,49.3
DS1,8,GND,32.25,49.3
DS1,9,/OLED {slash} SSD1309 {slash} 0x3C/OLED_RES_N,31.75,49.3
DS1,10,GND,31.25,49.3
DS1,11,GND,30.75,49.3
DS1,12,GND,30.25,49.3
DS1,13,/I2C_SCL,29.75,49.3
DS1,14,/I2C_SDA,29.25,49.3
DS1,15,/I2C_SDA,28.75,49.3
DS1,16,GND,28.25,49.3
DS1,17,GND,27.75,49.3
DS1,18,GND,27.25,49.3
DS1,19,GND,26.75,49.3
DS1,20,GND,26.25,49.3
DS1,21,/OLED {slash} SSD1309 {slash} 0x3C/OLED_IREF,25.75,49.3
DS1,22,/OLED {slash} SSD1309 {slash} 0x3C/OLED_VCOMH,25.25,49.3
DS1,23,/OLED {slash} SSD1309 {slash} 0x3C/OLED_12V5,24.75,49.3
DS1,24,GND,24.25,49.3
DS1,MP,,37.65,52.55
DS1,MP,,22.35,52.55
J1,A1,GND,7.095,51.31
J1,A4,/Power + ESP32-C3/VBUS,7.075,50.51
J1,A5,Net-(J1-CC1),7.075,49.36
J1,A6,/Power + ESP32-C3/USB_D+,7.075,48.36
J1,A7,/Power + ESP32-C3/USB_D-,7.075,47.86
J1,A8,unconnected-(J1-SBU1-PadA8),7.075,46.86
J1,A9,/Power + ESP32-C3/VBUS,7.075,45.71
J1,A12,GND,7.095,44.91
J1,B1,GND,7.095,44.91
J1,B4,/Power + ESP32-C3/VBUS,7.075,45.71
J1,B5,Net-(J1-CC2),7.075,46.36
J1,B6,/Power + ESP32-C3/USB_D+,7.075,47.36
J1,B7,/Power + ESP32-C3/USB_D-,7.075,48.86
J1,B8,unconnected-(J1-SBU2-PadB8),7.075,49.86
J1,B9,/Power + ESP32-C3/VBUS,7.075,50.51
J1,B12,GND,7.095,51.31
J1,SH,GND,6.5,52.43
J1,SH,GND,2.32,52.43
J1,SH,GND,6.5,43.79
J1,SH,GND,2.32,43.79
J2,1,/Power + ESP32-C3/VBAT,7.25,58.1
J2,2,GND,7.25,60.1
J2,MP,,5.0,55.7
J2,MP,,5.0,62.5
L1,1,Net-(U2-LX),26.6,60.5
L1,2,/+3V3,24.4,60.5
L2,1,/NFC {slash} PN7160 {slash} 0x28/RF_DRV_P,26.93,84.45
L2,2,/NFC {slash} PN7160 {slash} 0x28/RF_EMC_P,29.07,84.45
L3,1,/NFC {slash} PN7160 {slash} 0x28/RF_DRV_N,26.93,74.55
L3,2,/NFC {slash} PN7160 {slash} 0x28/RF_EMC_N,29.07,74.55
L4,1,/OLED {slash} SSD1309 {slash} 0x3C/OLED_BOOST_IN,6.265,82.0
L4,2,/OLED {slash} SSD1309 {slash} 0x3C/OLED_SW,2.735,82.0
Q1,1,/Power + ESP32-C3/USB_5V,18.4375,53.8
Q1,2,/VSYS,18.4375,55.7
Q1,3,/Power + ESP32-C3/VBAT,16.5625,54.75
Q2,1,/Power + ESP32-C3/VBUS,42.4375,40.3
Q2,2,GND,42.4375,42.2
Q2,3,/Power + ESP32-C3/USB_PRESENT_N,40.5625,41.25
Q3,1,/OLED {slash} SSD1309 {slash} 0x3C/OLED_GATE_N,3.5625,92.95
Q3,2,/VSYS,3.5625,91.05
Q3,3,/OLED {slash} SSD1309 {slash} 0x3C/OLED_BOOST_IN,5.4375,92.0
Q4,1,/OLED_PWR_EN,3.5625,96.95
Q4,2,GND,3.5625,95.05
Q4,3,/OLED {slash} SSD1309 {slash} 0x3C/OLED_GATE_N,5.4375,96.0
Q5,1,/OLED_RESET,33.6875,45.55
Q5,2,GND,33.6875,47.45
Q5,3,/OLED {slash} SSD1309 {slash} 0x3C/OLED_RES_N,31.8125,46.5
R1,1,Net-(J1-CC1),9.175,51.25
R1,2,GND,10.825,51.25
R2,1,Net-(J1-CC2),9.175,44.75
R2,2,GND,10.825,44.75
R3,1,Net-(U1-PROG),16.5,57.675
R3,2,GND,16.5,59.325
R4,1,Net-(U1-~{CHRG}),18.25,57.425
R4,2,Net-(D3-K),18.25,59.075
R5,1,/Power + ESP32-C3/USB_5V,14.25,43.925
R5,2,GND,14.25,45.575
R6,1,/+3V3,32.5,60.375
R6,2,/Power + ESP32-C3/BUCK_FB,32.5,62.025
R7,1,/Power + ESP32-C3/BUCK_FB,32.5,63.675
R7,2,GND,32.5,65.325
R8,1,/+3V3,55.5,69.175
R8,2,/Power + ESP32-C3/ESP_EN,55.5,70.825
R9,1,/+3V3,39.75,57.175
R9,2,/Power + ESP32-C3/STRAP_GPIO2,39.75,58.825
R10,1,/+3V3,41.5,65.175
R10,2,/Power + ESP32-C3/STRAP_GPIO8,41.5,66.825
R11,1,/+3V3,39.75,65.175
R11,2,/Power + ESP32-C3/BOOT_N,39.75,66.825
R12,1,/Power + ESP32-C3/USB_ESD_D-,46.4,41.675
R12,2,Net-(U3-IO18),46.4,43.325
R13,1,/Power + ESP32-C3/USB_ESD_D+,47.9,41.675
R13,2,Net-(U3-IO19),47.9,43.325
R14,1,/Power + ESP32-C3/BOOT_N,56.675,72.5
R14,2,Net-(R14-Pad2),58.325,72.5
R15,1,/Power + ESP32-C3/VBAT,51.675,42.5
R15,2,/Power + ESP32-C3/VBAT_ADC,53.325,42.5
R16,1,/Power + ESP32-C3/VBAT_ADC,53.75,39.175
R16,2,GND,53.75,40.825
R17,1,/+3V3,39.75,43.925
R17,2,/Power + ESP32-C3/USB_PRESENT_N,39.75,45.575
R18,1,/Power + ESP32-C3/VBUS,47.175,39.25
R18,2,GND,48.825,39.25
R19,1,/+3V0,25.25,44.425
R19,2,/I2C_SDA,25.25,46.075
R20,1,/+3V0,21.0,44.425
R20,2,/I2C_SCL,21.0,46.075
R21,1,/NFC {slash} PN7160 {slash} 0x28/NFC_DWL_REQ,21.025,93.2
R21,2,GND,19.375,93.2
R22,1,/NFC_VEN,20.825,74.0
R22,2,GND,19.175,74.0
R23,1,/NFC {slash} PN7160 {slash} 0x28/NFC_ADR0,21.025,95.2
R23,2,GND,19.375,95.2
R24,1,/NFC {slash} PN7160 {slash} 0x28/NFC_ADR1,21.025,97.2
R24,2,GND,19.375,97.2
R25,1,Net-(C28-Pad2),27.0,81.5
R25,2,/NFC {slash} PN7160 {slash} 0x28/RF_EMC_P,29.0,81.5
R26,1,Net-(C29-Pad2),27.0,77.5
R26,2,/NFC {slash} PN7160 {slash} 0x28/RF_EMC_N,29.0,77.5
R27,1,/NFC {slash} PN7160 {slash} 0x28/RF_MATCH_P,40.45,84.85
R27,2,Net-(A1-LOOP_A),43.55,84.85
R28,1,/NFC {slash} PN7160 {slash} 0x28/RF_MATCH_N,40.45,74.15
R28,2,Net-(A1-LOOP_B),43.55,74.15
R29,1,/VSYS,20.3,82.175
R29,2,/NFC {slash} PN7160 {slash} 0x28/NFC_VDDUP,20.3,83.825
R30,1,/OLED {slash} SSD1309 {slash} 0x3C/OLED_12V5,7.75,76.0875
R30,2,/OLED {slash} SSD1309 {slash} 0x3C/OLED_FB,7.75,77.9125
R31,1,/OLED {slash} SSD1309 {slash} 0x3C/OLED_FB,7.5,72.675
R31,2,GND,7.5,74.325
R32,1,/OLED {slash} SSD1309 {slash} 0x3C/OLED_IREF,19.25,45.175
R32,2,GND,19.25,46.825
R33,1,/VSYS,7.5,91.175
R33,2,/OLED {slash} SSD1309 {slash} 0x3C/OLED_GATE_N,7.5,92.825
R34,1,/OLED_PWR_EN,7.5,95.175
R34,2,GND,7.5,96.825
R35,1,/+3V0,32.75,57.175
R35,2,/OLED {slash} SSD1309 {slash} 0x3C/OLED_RES_N,32.75,58.825
R36,1,/OLED_RESET,36.425,57.25
R36,2,GND,38.075,57.25
R37,1,/+3V3,17.675,10.5
R37,2,/KEY_INT_N,19.325,10.5
R40,1,/+3V3,32.175,43.75
R40,2,/KEY_INT_N,33.825,43.75
R41,1,/NFC {slash} PN7160 {slash} 0x28/NFC_TX1,23.0,84.85
R41,2,/NFC {slash} PN7160 {slash} 0x28/RF_DRV_P,25.0,84.85
R42,1,/NFC {slash} PN7160 {slash} 0x28/NFC_TX2,23.0,74.15
R42,2,/NFC {slash} PN7160 {slash} 0x28/RF_DRV_N,25.0,74.15
SW1,1,/Power + ESP32-C3/ESP_EN,56.5,74.3
SW1,2,GND,56.5,77.7
SW2,1,Net-(R14-Pad2),56.5,79.3
SW2,2,GND,56.5,82.7
U1,1,Net-(U1-~{CHRG}),14.6375,57.55
U1,2,GND,14.6375,58.5
U1,3,/Power + ESP32-C3/VBAT,14.6375,59.45
U1,4,/Power + ESP32-C3/USB_5V,12.3625,59.45
U1,5,Net-(U1-PROG),12.3625,57.55
U2,1,/VSYS,28.3625,63.45
U2,2,GND,28.3625,62.5
U2,3,Net-(U2-LX),28.3625,61.55
U2,4,/VSYS,30.6375,61.55
U2,5,/Power + ESP32-C3/BUCK_FB,30.6375,63.45
U3,1,/+3V3,53.9,62.61
U3,2,/Power + ESP32-C3/ESP_EN,52.4,62.61
U3,3,/I2C_SDA,50.9,62.61
U3,4,/I2C_SCL,49.4,62.61
U3,5,/NFC_IRQ,47.9,62.61
U3,6,/NFC_VEN,46.4,62.61
U3,7,/Power + ESP32-C3/STRAP_GPIO8,44.9,62.61
U3,8,/Power + ESP32-C3/BOOT_N,43.4,62.61
U3,9,GND,41.9,62.61
U3,10,/OLED_RESET,41.9,45.11
U3,11,/KEY_INT_N,43.4,45.11
U3,12,unconnected-(U3-IO21{slash}TXD-Pad12),44.9,45.11
U3,13,Net-(U3-IO18),46.4,45.11
U3,14,Net-(U3-IO19),47.9,45.11
U3,15,/OLED_PWR_EN,49.4,45.11
U3,16,/Power + ESP32-C3/STRAP_GPIO2,50.9,45.11
U3,17,/Power + ESP32-C3/USB_PRESENT_N,52.4,45.11
U3,18,/Power + ESP32-C3/VBAT_ADC,53.9,45.11
U3,19,GND,48.25,54.0
U3,19,GND,47.15,54.0
U3,19,GND,48.8,53.45
U3,19,GND,47.7,53.45
U3,19,GND,46.6,53.45
U3,19,GND,48.25,52.9
U3,19,GND,47.7,52.9
U3,19,GND,47.15,52.9
U3,19,GND,48.8,52.35
U3,19,GND,47.7,52.35
U3,19,GND,46.6,52.35
U3,19,GND,48.25,51.8
U3,19,GND,47.15,51.8
U4,1,/Power + ESP32-C3/USB_D-,9.8625,48.95
U4,2,GND,9.8625,48.0
U4,3,/Power + ESP32-C3/USB_D+,9.8625,47.05
U4,4,/Power + ESP32-C3/USB_ESD_D+,12.1375,47.05
U4,5,/Power + ESP32-C3/VBUS,12.1375,48.0
U4,6,/Power + ESP32-C3/USB_ESD_D-,12.1375,48.95
U5,1,GND,48.6875,64.8
U5,2,/Power + ESP32-C3/ESP_EN,48.6875,66.7
U5,3,/+3V3,46.8125,65.75
U6,1,/NFC {slash} PN7160 {slash} 0x28/NFC_ADR0,23.0,92.5
U6,2,/NFC {slash} PN7160 {slash} 0x28/NFC_DWL_REQ,23.0,92.0
U6,3,/NFC {slash} PN7160 {slash} 0x28/NFC_ADR1,23.0,91.5
U6,4,GND,23.0,91.0
U6,5,/I2C_SDA,23.0,90.5
U6,6,/+3V3,23.0,90.0
U6,7,/I2C_SCL,23.0,89.5
U6,8,/NFC_IRQ,23.0,89.0
U6,9,GND,23.0,88.5
U6,10,/NFC_VEN,23.0,88.0
U6,11,unconnected-(U6-I.C._1-Pad11),23.6875,87.3125
U6,12,/VSYS,24.1875,87.3125
U6,13,/NFC {slash} PN7160 {slash} 0x28/NFC_VDDUP,24.6875,87.3125
U6,14,/NFC {slash} PN7160 {slash} 0x28/NFC_TVDD,25.1875,87.3125
U6,15,/NFC {slash} PN7160 {slash} 0x28/NFC_RXN,25.6875,87.3125
U6,16,/NFC {slash} PN7160 {slash} 0x28/NFC_RXP,26.1875,87.3125
U6,17,/NFC {slash} PN7160 {slash} 0x28/NFC_VMID,26.6875,87.3125
U6,18,/NFC {slash} PN7160 {slash} 0x28/NFC_TVDD,27.1875,87.3125
U6,19,/NFC {slash} PN7160 {slash} 0x28/NFC_TX2,27.6875,87.3125
U6,20,GND,28.1875,87.3125
U6,21,/NFC {slash} PN7160 {slash} 0x28/NFC_TX1,28.875,88.0
U6,22,/NFC {slash} PN7160 {slash} 0x28/NFC_TVDD,28.875,88.5
U6,23,unconnected-(U6-ANT1-Pad23),28.875,89.0
U6,24,unconnected-(U6-ANT2-Pad24),28.875,89.5
U6,25,unconnected-(U6-VDD(HF)-Pad25),28.875,90.0
U6,26,/NFC {slash} PN7160 {slash} 0x28/NFC_VDD18,28.875,90.5
U6,27,/NFC {slash} PN7160 {slash} 0x28/NFC_VDD18,28.875,91.0
U6,28,/VSYS,28.875,91.5
U6,29,/NFC {slash} PN7160 {slash} 0x28/NFC_XTAL2,28.875,92.0
U6,30,/NFC {slash} PN7160 {slash} 0x28/NFC_XTAL1,28.875,92.5
U6,31,/NFC {slash} PN7160 {slash} 0x28/NFC_VDD18,28.1875,93.1875
U6,32,unconnected-(U6-N.C._1-Pad32),27.6875,93.1875
U6,33,unconnected-(U6-N.C._2-Pad33),27.1875,93.1875
U6,34,unconnected-(U6-N.C._3-Pad34),26.6875,93.1875
U6,35,unconnected-(U6-N.C._4-Pad35),26.1875,93.1875
U6,36,unconnected-(U6-N.C._5-Pad36),25.6875,93.1875
U6,37,unconnected-(U6-DCDC_EN-Pad37),25.1875,93.1875
U6,38,unconnected-(U6-I.C._2-Pad38),24.6875,93.1875
U6,39,GND,24.1875,93.1875
U6,40,unconnected-(U6-CLK_REQ-Pad40),23.6875,93.1875
U6,41,GND,25.9375,90.25
U7,1,/OLED {slash} SSD1309 {slash} 0x3C/OLED_SW,3.3625,77.95
U7,2,GND,3.3625,77.0
U7,3,/OLED {slash} SSD1309 {slash} 0x3C/OLED_FB,3.3625,76.05
U7,4,/OLED {slash} SSD1309 {slash} 0x3C/OLED_BOOST_IN,5.6375,76.05
U7,5,/OLED {slash} SSD1309 {slash} 0x3C/OLED_BOOST_IN,5.6375,77.95
U8,1,GND,5.5,16.35
U8,2,GND,5.5,15.08
U8,3,GND,5.5,13.81
U8,4,/Keyboard {slash} breakaway {slash} 0x20/KEY_P0,5.5,12.54
U8,5,/Keyboard {slash} breakaway {slash} 0x20/KEY_P1,5.5,11.27
U8,6,/Keyboard {slash} breakaway {slash} 0x20/KEY_P2,5.5,10.0
U8,7,/Keyboard {slash} breakaway {slash} 0x20/KEY_P3,5.5,8.73
U8,8,GND,5.5,7.46
U8,9,/Keyboard {slash} breakaway {slash} 0x20/KEY_P4,14.8,7.46
U8,10,/Keyboard {slash} breakaway {slash} 0x20/KEY_P5,14.8,8.73
U8,11,/Keyboard {slash} breakaway {slash} 0x20/KEY_P6,14.8,10.0
U8,12,unconnected-(U8-P7-Pad12),14.8,11.27
U8,13,/KEY_INT_N,14.8,12.54
U8,14,/I2C_SCL,14.8,13.81
U8,15,/I2C_SDA,14.8,15.08
U8,16,/+3V3,14.8,16.35
U9,1,GND,35.8125,45.7
U9,2,/+3V0,35.8125,43.8
U9,3,/+3V3,37.6875,44.75
Y1,1,/NFC {slash} PN7160 {slash} 0x28/NFC_XTAL1,31.475,93.075
Y1,2,GND,31.475,91.725
Y1,3,/NFC {slash} PN7160 {slash} 0x28/NFC_XTAL2,32.525,91.725
Y1,4,GND,32.525,93.075
