Reference,Expected_X_mm,Expected_Y_mm,Expected_rotation,CPL_delta_X_mm,CPL_delta_Y_mm,CPL_delta_rotation,Passed
C1,13.0,62.75,0,0.0,0.0,0.0,True
C2,13.0,55.0,180.0,0.0,0.0,0.0,True
C3,37.0,63.05,90.0,0.0,0.0,0.0,True
C4,34.25,65.3,90.0,0.0,0.0,0.0,True
C5,22.5,65.25,90.0,0.0,0.0,0.0,True
C6,19.5,62.5,90.0,0.0,0.0,0.0,True
C9,52.25,65.5,0,0.0,0.0,0.0,True
C10,53.75,68.5,90.0,0.0,0.0,0.0,True
C11,44.0,66.5,180.0,0.0,0.0,0.0,True
C12,54.25,72.5,180.0,0.0,0.0,0.0,True
C13,51.5,38.75,0,0.0,0.0,0.0,True
C14,14.25,49.25,90.0,0.0,0.0,0.0,True
C15,18.0,90.0,180.0,0.0,0.0,0.0,True
C16,20.5,90.0,90.0,0.0,0.0,0.0,True
C17,17.0,86.0,90.0,0.0,0.0,0.0,True
C18,20.2,86.0,90.0,-0.0,0.0,0.0,True
C19,17.0,81.0,90.0,0.0,0.0,0.0,True
C20,20.3,79.5,90.0,0.0,0.0,0.0,True
C21,29.5,96.2,270.0,0.0,0.0,0.0,True
C22,35.3,90.5,180.0,0.0,0.0,0.0,True
C23,25.0,95.9,270.0,0.0,0.0,0.0,True
C24,33.0,87.9,180.0,0.0,0.0,0.0,True
C25,26.3,79.5,0,0.0,0.0,0.0,True
C26,32.0,94.9,0,0.0,0.0,0.0,True
C27,32.0,89.9,0,0.0,0.0,0.0,True
C28,24.0,81.5,0,0.0,0.0,0.0,True
C29,24.0,77.5,0,0.0,0.0,0.0,True
C30,31.5,81.6,270.0,0.0,0.0,0.0,True
C31,31.5,77.4,270.0,0.0,0.0,0.0,True
C32,37.0,84.85,0,0.0,0.0,0.0,True
C33,37.0,74.15,0,0.0,0.0,0.0,True
C36,40.0,81.6,270.0,0.0,0.0,0.0,True
C37,40.0,77.4,270.0,0.0,0.0,0.0,True
C40,4.5,87.0,0,0.0,0.0,0.0,True
C41,1.5,75.0,90.0,0.0,0.0,0.0,True
C42,4.5,66.75,0,0.0,0.0,0.0,True
C43,20.15,58.25,90.0,-0.0,0.0,0.0,True
C44,27.25,44.75,90.0,0.0,0.0,0.0,True
C45,17.0,49.0,0,0.0,0.0,0.0,True
C46,18.0,51.75,0,0.0,0.0,0.0,True
C47,23.0,45.5,90.0,0.0,0.0,0.0,True
C48,39.75,51.25,90.0,0.0,0.0,0.0,True
C49,38.25,41.0,90.0,0.0,0.0,0.0,True
C50,29.5,44.75,90.0,0.0,0.0,0.0,True
C51,16.9,18.5,0,-0.0,0.0,0.0,True
C52,16.9,21.5,0,-0.0,0.0,0.0,True
C53,33.7,81.6,270.0,0.0,0.0,0.0,True
C54,33.7,77.4,270.0,0.0,0.0,0.0,True
C55,51.45,40.4,0,0.0,-0.0,0.0,True
D1,11.0,40.75,0,0.0,0.0,0.0,True
D2,18.25,41.25,0,0.0,0.0,0.0,True
D3,15.5,66.0,90.0,0.0,0.0,0.0,True
D4,4.5,71.5,90.0,0.0,0.0,0.0,True
D5,16.5,47.1,180.0,0.0,0.0,0.0,True
DS1,30.0,51.15,180.0,0.0,-0.0,0.0,True
J1,3.395,48.11,270.0,-0.0,0.0,0.0,True
J2,7.7,59.1,270.0,-0.0,0.0,0.0,True
L1,25.6,63.3,180.0,0.0,0.0,0.0,True
L2,28.0,84.45,0,0.0,0.0,0.0,True
L3,28.0,74.55,0,0.0,0.0,0.0,True
L4,4.5,82.0,180.0,0.0,0.0,0.0,True
Q1,17.5,54.75,180.0,0.0,0.0,0.0,True
Q2,41.5,41.25,180.0,0.0,0.0,0.0,True
Q3,4.5,92.0,0,0.0,0.0,0.0,True
Q4,4.5,96.0,0,0.0,0.0,0.0,True
Q5,32.75,46.5,180.0,0.0,0.0,0.0,True
R1,10.0,51.25,0,0.0,0.0,0.0,True
R2,10.0,44.75,0,0.0,0.0,0.0,True
R3,16.5,58.5,90.0,0.0,0.0,0.0,True
R4,18.25,58.25,90.0,0.0,0.0,0.0,True
R5,14.25,44.75,90.0,0.0,0.0,0.0,True
R6,30.2,62.5,0,-0.0,0.0,0.0,True
R7,37.0,66.25,90.0,0.0,0.0,0.0,True
R8,55.5,70.0,90.0,0.0,0.0,0.0,True
R9,39.75,58.0,90.0,0.0,0.0,0.0,True
R10,41.5,66.0,90.0,0.0,0.0,0.0,True
R11,39.75,66.0,90.0,0.0,0.0,0.0,True
R12,45.4,45.5,90.0,-0.0,0.0,0.0,True
R13,47.0,45.5,90.0,0.0,0.0,0.0,True
R14,57.5,72.5,0,0.0,0.0,0.0,True
R15,52.5,42.5,0,0.0,0.0,0.0,True
R16,55.0,44.25,90.0,0.0,0.0,0.0,True
R17,39.75,44.75,90.0,0.0,0.0,0.0,True
R18,38.75,38.2,0,0.0,0.0,0.0,True
R19,25.25,45.25,90.0,0.0,0.0,0.0,True
R20,21.0,45.25,90.0,0.0,0.0,0.0,True
R21,20.2,93.2,180.0,-0.0,0.0,0.0,True
R22,20.0,74.0,180.0,0.0,0.0,0.0,True
R23,20.2,95.2,180.0,-0.0,0.0,0.0,True
R24,20.2,97.2,180.0,-0.0,0.0,0.0,True
R25,28.0,81.5,0,0.0,0.0,0.0,True
R26,28.0,77.5,0,0.0,0.0,0.0,True
R27,42.0,84.85,0,0.0,0.0,0.0,True
R28,42.0,74.15,0,0.0,0.0,0.0,True
R29,20.3,83.0,90.0,0.0,0.0,0.0,True
R30,7.75,77.0,90.0,0.0,0.0,0.0,True
R31,7.5,73.5,90.0,0.0,0.0,0.0,True
R32,19.25,46.0,90.0,0.0,0.0,0.0,True
R33,7.5,92.0,90.0,0.0,0.0,0.0,True
R34,7.5,96.0,90.0,0.0,0.0,0.0,True
R35,39.75,54.5,90.0,0.0,0.0,0.0,True
R36,39.75,48.0,90.0,0.0,0.0,0.0,True
R37,18.5,10.5,0,0.0,0.0,0.0,True
R40,33.0,43.75,0,0.0,0.0,0.0,True
R41,24.0,84.85,0,0.0,0.0,0.0,True
R42,24.0,74.15,0,0.0,0.0,0.0,True
SW1,56.5,76.0,90.0,0.0,0.0,0.0,True
SW2,56.5,81.0,90.0,0.0,0.0,0.0,True
U1,13.5,58.5,180.0,0.0,0.0,0.0,True
U2,30.4,65.5,0,-0.0,0.0,0.0,True
U3,51.7,53.86,270.0,0.0,0.0,0.0,True
U4,11.0,48.0,0,0.0,0.0,0.0,True
U5,47.75,65.75,180.0,0.0,0.0,0.0,True
U6,25.9375,90.25,0,0.0,0.0,0.0,True
U7,4.5,77.0,0,0.0,0.0,0.0,True
U8,10.15,11.905,0,0.0,-0.0,0.0,True
U9,36.75,44.75,0,0.0,0.0,0.0,True
U10,46.8,39.4,0,0.0,-0.0,0.0,True
Y1,32.0,92.4,270.0,0.0,0.0,0.0,True
