Reference,Population,MPN,Footprint,Footprint_SHA256,Models,Model_status
C49,Assemble,CL21B105KBFNNNE,Capacitor_SMD:C_0805_2012Metric,62775a51fe74ba7f1b572de327bdbd3fc92582721b2abcaa47787865590d89cb,${KICAD10_3DMODEL_DIR}/Capacitor_SMD.3dshapes/C_0805_2012Metric.step,Available
C50,Assemble,CL21B225KAFNNNE,Capacitor_SMD:C_0805_2012Metric,62775a51fe74ba7f1b572de327bdbd3fc92582721b2abcaa47787865590d89cb,${KICAD10_3DMODEL_DIR}/Capacitor_SMD.3dshapes/C_0805_2012Metric.step,Available
J4,DNP,,Connector_PinHeader_2.54mm:PinHeader_1x05_P2.54mm_Vertical,4b62e226ec163657a79acde1229c1fca2b2453ff75fddcbc038fc7484bbc2711,${KICAD10_3DMODEL_DIR}/Connector_PinHeader_2.54mm.3dshapes/PinHeader_1x05_P2.54mm_Vertical.step,Available
R19,Assemble,0603WAF2201T5E,Resistor_SMD:R_0603_1608Metric,7190ac4a00125b807e54129ef0d87d87f2a658eeb74d025a7028203419b09f23,${KICAD10_3DMODEL_DIR}/Resistor_SMD.3dshapes/R_0603_1608Metric.step,Available
R20,Assemble,0603WAF2201T5E,Resistor_SMD:R_0603_1608Metric,7190ac4a00125b807e54129ef0d87d87f2a658eeb74d025a7028203419b09f23,${KICAD10_3DMODEL_DIR}/Resistor_SMD.3dshapes/R_0603_1608Metric.step,Available
R40,Assemble,0603WAF1003T5E,Resistor_SMD:R_0603_1608Metric,7190ac4a00125b807e54129ef0d87d87f2a658eeb74d025a7028203419b09f23,${KICAD10_3DMODEL_DIR}/Resistor_SMD.3dshapes/R_0603_1608Metric.step,Available
U9,Assemble,MCP1700T-3002E/TT,Package_TO_SOT_SMD:SOT-23,0d88c86c1b6d8c1aae4aa8c09386264c089d4451a128b6ccd63ed253f4300b15,${KICAD10_3DMODEL_DIR}/Package_TO_SOT_SMD.3dshapes/SOT-23.step,Available
C1,Assemble,CL32B226KAJNNNE,Capacitor_SMD:C_1210_3225Metric,e1dae516e079b70c4736d001fb81bfb4ef5f9c2a37c8175223a44f83a04ff75f,${KICAD10_3DMODEL_DIR}/Capacitor_SMD.3dshapes/C_1210_3225Metric.step,Available
C2,Assemble,CL32B226KAJNNNE,Capacitor_SMD:C_1210_3225Metric,e1dae516e079b70c4736d001fb81bfb4ef5f9c2a37c8175223a44f83a04ff75f,${KICAD10_3DMODEL_DIR}/Capacitor_SMD.3dshapes/C_1210_3225Metric.step,Available
C3,Assemble,CL10C220JB8NNNC,Capacitor_SMD:C_0603_1608Metric,fe0dbfefbb181a0466f93a8de52d84ba7b00fcd9acdbb69575f4128a0af4e405,${KICAD10_3DMODEL_DIR}/Capacitor_SMD.3dshapes/C_0603_1608Metric.step,Available
C4,Assemble,CL32B226KAJNNNE,Capacitor_SMD:C_1210_3225Metric,e1dae516e079b70c4736d001fb81bfb4ef5f9c2a37c8175223a44f83a04ff75f,${KICAD10_3DMODEL_DIR}/Capacitor_SMD.3dshapes/C_1210_3225Metric.step,Available
C5,Assemble,CL31A226KAHNNNE,Capacitor_SMD:C_1206_3216Metric,b2e4a08e3aaf40bc587090190c0e3969e962d7ae962c172cce0581ae8327651c,${KICAD10_3DMODEL_DIR}/Capacitor_SMD.3dshapes/C_1206_3216Metric.step,Available
C6,Assemble,CL31A226KAHNNNE,Capacitor_SMD:C_1206_3216Metric,b2e4a08e3aaf40bc587090190c0e3969e962d7ae962c172cce0581ae8327651c,${KICAD10_3DMODEL_DIR}/Capacitor_SMD.3dshapes/C_1206_3216Metric.step,Available
C7,DNP,,Capacitor_SMD:C_0603_1608Metric,fe0dbfefbb181a0466f93a8de52d84ba7b00fcd9acdbb69575f4128a0af4e405,${KICAD10_3DMODEL_DIR}/Capacitor_SMD.3dshapes/C_0603_1608Metric.step,Available
C8,DNP,,Capacitor_SMD:C_0603_1608Metric,fe0dbfefbb181a0466f93a8de52d84ba7b00fcd9acdbb69575f4128a0af4e405,${KICAD10_3DMODEL_DIR}/Capacitor_SMD.3dshapes/C_0603_1608Metric.step,Available
C9,Assemble,CL31A226KAHNNNE,Capacitor_SMD:C_1206_3216Metric,b2e4a08e3aaf40bc587090190c0e3969e962d7ae962c172cce0581ae8327651c,${KICAD10_3DMODEL_DIR}/Capacitor_SMD.3dshapes/C_1206_3216Metric.step,Available
C10,Assemble,CL10B104KB8NNNC,Capacitor_SMD:C_0603_1608Metric,fe0dbfefbb181a0466f93a8de52d84ba7b00fcd9acdbb69575f4128a0af4e405,${KICAD10_3DMODEL_DIR}/Capacitor_SMD.3dshapes/C_0603_1608Metric.step,Available
C11,Assemble,CL10B104KB8NNNC,Capacitor_SMD:C_0603_1608Metric,fe0dbfefbb181a0466f93a8de52d84ba7b00fcd9acdbb69575f4128a0af4e405,${KICAD10_3DMODEL_DIR}/Capacitor_SMD.3dshapes/C_0603_1608Metric.step,Available
C12,Assemble,CL10B105KA8NNNC,Capacitor_SMD:C_0603_1608Metric,fe0dbfefbb181a0466f93a8de52d84ba7b00fcd9acdbb69575f4128a0af4e405,${KICAD10_3DMODEL_DIR}/Capacitor_SMD.3dshapes/C_0603_1608Metric.step,Available
C13,Assemble,CL10B104KB8NNNC,Capacitor_SMD:C_0603_1608Metric,fe0dbfefbb181a0466f93a8de52d84ba7b00fcd9acdbb69575f4128a0af4e405,${KICAD10_3DMODEL_DIR}/Capacitor_SMD.3dshapes/C_0603_1608Metric.step,Available
C14,Assemble,CL10B104KB8NNNC,Capacitor_SMD:C_0603_1608Metric,fe0dbfefbb181a0466f93a8de52d84ba7b00fcd9acdbb69575f4128a0af4e405,${KICAD10_3DMODEL_DIR}/Capacitor_SMD.3dshapes/C_0603_1608Metric.step,Available
D1,Assemble,B340A-13-F,Diode_SMD:D_SMA,f7cba3b52ed8b34dce89170722de58324eac04e9e61a095e0eab37b9ca93cb7f,${KICAD10_3DMODEL_DIR}/Diode_SMD.3dshapes/D_SMA.step,Available
D2,Assemble,B340A-13-F,Diode_SMD:D_SMA,f7cba3b52ed8b34dce89170722de58324eac04e9e61a095e0eab37b9ca93cb7f,${KICAD10_3DMODEL_DIR}/Diode_SMD.3dshapes/D_SMA.step,Available
D3,Assemble,KT-0603R,LED_SMD:LED_0603_1608Metric,7931ed1efba34cb13c8d74a60eb1dca4b0be57d950c38e08c3e7f007db500a1c,${KICAD10_3DMODEL_DIR}/LED_SMD.3dshapes/LED_0603_1608Metric.step,Available
J1,Assemble,USB4105-GF-A-120,Connector_USB:USB_C_Receptacle_GCT_USB4105-xx-A_16P_TopMnt_Horizontal,3b8d7da3cae5114ec83022a759a78925113bc2eeec100ea447594f6d8687e4b8,${KICAD10_3DMODEL_DIR}/Connector_USB.3dshapes/USB_C_Receptacle_GCT_USB4105-xx-A_16P_TopMnt_Horizontal.step,Available
J2,Assemble,B2B-PH-K-S(LF)(SN),Connector_JST:JST_PH_B2B-PH-K_1x02_P2.00mm_Vertical,dd59286748b9a6fa9174237072608f811cf3169dddf00eab54a5c196fcb6f7e8,${KICAD10_3DMODEL_DIR}/Connector_JST.3dshapes/JST_PH_B2B-PH-K_1x02_P2.00mm_Vertical.step,Available
L1,Assemble,LSXND3030QKT2R2MNG,Nucula_Project:L_Taiyo-Yuden_NR-30xx,36868d6592ff7013fcb4cc56cefbe9a12344213123aaa432c00cfd760b7f7e1f,,No model assigned
Q1,Assemble,IRLML6402TRPBF,Package_TO_SOT_SMD:SOT-23,0d88c86c1b6d8c1aae4aa8c09386264c089d4451a128b6ccd63ed253f4300b15,${KICAD10_3DMODEL_DIR}/Package_TO_SOT_SMD.3dshapes/SOT-23.step,Available
Q2,Assemble,BSS138,Package_TO_SOT_SMD:SOT-23,0d88c86c1b6d8c1aae4aa8c09386264c089d4451a128b6ccd63ed253f4300b15,${KICAD10_3DMODEL_DIR}/Package_TO_SOT_SMD.3dshapes/SOT-23.step,Available
R1,Assemble,0603WAF5101T5E,Resistor_SMD:R_0603_1608Metric,7190ac4a00125b807e54129ef0d87d87f2a658eeb74d025a7028203419b09f23,${KICAD10_3DMODEL_DIR}/Resistor_SMD.3dshapes/R_0603_1608Metric.step,Available
R2,Assemble,0603WAF5101T5E,Resistor_SMD:R_0603_1608Metric,7190ac4a00125b807e54129ef0d87d87f2a658eeb74d025a7028203419b09f23,${KICAD10_3DMODEL_DIR}/Resistor_SMD.3dshapes/R_0603_1608Metric.step,Available
R3,Assemble,0603WAF1002T5E,Resistor_SMD:R_0603_1608Metric,7190ac4a00125b807e54129ef0d87d87f2a658eeb74d025a7028203419b09f23,${KICAD10_3DMODEL_DIR}/Resistor_SMD.3dshapes/R_0603_1608Metric.step,Available
R4,Assemble,0603WAF2201T5E,Resistor_SMD:R_0603_1608Metric,7190ac4a00125b807e54129ef0d87d87f2a658eeb74d025a7028203419b09f23,${KICAD10_3DMODEL_DIR}/Resistor_SMD.3dshapes/R_0603_1608Metric.step,Available
R5,Assemble,0603WAF1002T5E,Resistor_SMD:R_0603_1608Metric,7190ac4a00125b807e54129ef0d87d87f2a658eeb74d025a7028203419b09f23,${KICAD10_3DMODEL_DIR}/Resistor_SMD.3dshapes/R_0603_1608Metric.step,Available
R6,Assemble,RT0603BRD07220KL,Resistor_SMD:R_0603_1608Metric,7190ac4a00125b807e54129ef0d87d87f2a658eeb74d025a7028203419b09f23,${KICAD10_3DMODEL_DIR}/Resistor_SMD.3dshapes/R_0603_1608Metric.step,Available
R7,Assemble,RT0603BRD0748K7L,Resistor_SMD:R_0603_1608Metric,7190ac4a00125b807e54129ef0d87d87f2a658eeb74d025a7028203419b09f23,${KICAD10_3DMODEL_DIR}/Resistor_SMD.3dshapes/R_0603_1608Metric.step,Available
R8,Assemble,0603WAF1002T5E,Resistor_SMD:R_0603_1608Metric,7190ac4a00125b807e54129ef0d87d87f2a658eeb74d025a7028203419b09f23,${KICAD10_3DMODEL_DIR}/Resistor_SMD.3dshapes/R_0603_1608Metric.step,Available
R9,Assemble,0603WAF1002T5E,Resistor_SMD:R_0603_1608Metric,7190ac4a00125b807e54129ef0d87d87f2a658eeb74d025a7028203419b09f23,${KICAD10_3DMODEL_DIR}/Resistor_SMD.3dshapes/R_0603_1608Metric.step,Available
R10,Assemble,0603WAF1002T5E,Resistor_SMD:R_0603_1608Metric,7190ac4a00125b807e54129ef0d87d87f2a658eeb74d025a7028203419b09f23,${KICAD10_3DMODEL_DIR}/Resistor_SMD.3dshapes/R_0603_1608Metric.step,Available
R11,Assemble,0603WAF1002T5E,Resistor_SMD:R_0603_1608Metric,7190ac4a00125b807e54129ef0d87d87f2a658eeb74d025a7028203419b09f23,${KICAD10_3DMODEL_DIR}/Resistor_SMD.3dshapes/R_0603_1608Metric.step,Available
R12,Assemble,0603WAF220JT5E,Resistor_SMD:R_0603_1608Metric,7190ac4a00125b807e54129ef0d87d87f2a658eeb74d025a7028203419b09f23,${KICAD10_3DMODEL_DIR}/Resistor_SMD.3dshapes/R_0603_1608Metric.step,Available
R13,Assemble,0603WAF220JT5E,Resistor_SMD:R_0603_1608Metric,7190ac4a00125b807e54129ef0d87d87f2a658eeb74d025a7028203419b09f23,${KICAD10_3DMODEL_DIR}/Resistor_SMD.3dshapes/R_0603_1608Metric.step,Available
R14,Assemble,0603WAF1000T5E,Resistor_SMD:R_0603_1608Metric,7190ac4a00125b807e54129ef0d87d87f2a658eeb74d025a7028203419b09f23,${KICAD10_3DMODEL_DIR}/Resistor_SMD.3dshapes/R_0603_1608Metric.step,Available
R15,Assemble,0603WAF4703T5E,Resistor_SMD:R_0603_1608Metric,7190ac4a00125b807e54129ef0d87d87f2a658eeb74d025a7028203419b09f23,${KICAD10_3DMODEL_DIR}/Resistor_SMD.3dshapes/R_0603_1608Metric.step,Available
R16,Assemble,0603WAF4703T5E,Resistor_SMD:R_0603_1608Metric,7190ac4a00125b807e54129ef0d87d87f2a658eeb74d025a7028203419b09f23,${KICAD10_3DMODEL_DIR}/Resistor_SMD.3dshapes/R_0603_1608Metric.step,Available
R17,Assemble,0603WAF1003T5E,Resistor_SMD:R_0603_1608Metric,7190ac4a00125b807e54129ef0d87d87f2a658eeb74d025a7028203419b09f23,${KICAD10_3DMODEL_DIR}/Resistor_SMD.3dshapes/R_0603_1608Metric.step,Available
R18,Assemble,0603WAF1003T5E,Resistor_SMD:R_0603_1608Metric,7190ac4a00125b807e54129ef0d87d87f2a658eeb74d025a7028203419b09f23,${KICAD10_3DMODEL_DIR}/Resistor_SMD.3dshapes/R_0603_1608Metric.step,Available
SW1,Assemble,B3U-1000P,Button_Switch_SMD:SW_SPST_B3U-1000P,d24fc396b98fa262d6010f2ad81156242d03adfd5f80dfb1eff19093e59bc2ea,${KICAD10_3DMODEL_DIR}/Button_Switch_SMD.3dshapes/SW_SPST_B3U-1000P.step,Available
SW2,Assemble,B3U-1000P,Button_Switch_SMD:SW_SPST_B3U-1000P,d24fc396b98fa262d6010f2ad81156242d03adfd5f80dfb1eff19093e59bc2ea,${KICAD10_3DMODEL_DIR}/Button_Switch_SMD.3dshapes/SW_SPST_B3U-1000P.step,Available
U1,Assemble,TP4054-42-SOT25R,Package_TO_SOT_SMD:SOT-23-5,455a3f7c3e5eb5b8847eaa5df23e18651e78ab9f75afd09a0883758a0d901761,${KICAD10_3DMODEL_DIR}/Package_TO_SOT_SMD.3dshapes/SOT-23-5.step,Available
U2,Assemble,SY8089AAAC,Package_TO_SOT_SMD:SOT-23-5,455a3f7c3e5eb5b8847eaa5df23e18651e78ab9f75afd09a0883758a0d901761,${KICAD10_3DMODEL_DIR}/Package_TO_SOT_SMD.3dshapes/SOT-23-5.step,Available
U3,Assemble,ESP32-C3-WROOM-02-N4,Nucula_Project:ESP32-C3-WROOM-02-N4,220cd3480e84334f0006c08ddb3121ccddf2b1038a54e79c409d3329cef46b1c,${KIPRJMOD}/libraries/Nucula_Project.3dshapes/ESP32-C3-WROOM-02-N4.step,Available
U4,Assemble,USBLC6-2SC6,Package_TO_SOT_SMD:SOT-23-6,f341c73aac9dcb553456f68bf3fee3d26eb14acf6d8a1cae82b50418fe1d71ca,${KICAD10_3DMODEL_DIR}/Package_TO_SOT_SMD.3dshapes/SOT-23-6.step,Available
U5,Assemble,TLV803EA30DBZR,Package_TO_SOT_SMD:SOT-23,0d88c86c1b6d8c1aae4aa8c09386264c089d4451a128b6ccd63ed253f4300b15,${KICAD10_3DMODEL_DIR}/Package_TO_SOT_SMD.3dshapes/SOT-23.step,Available
A1,Etched PCB copper,,Nucula_Project:NFC_PCB_Loop_40x40_4T_W0.50_S0.30,4ce9b66f758314ffcf91e7eed02cb701328d7aa161099f44087bf18bfaf069c0,,No model assigned
C15,Assemble,CL21B105KBFNNNE,Capacitor_SMD:C_0805_2012Metric,62775a51fe74ba7f1b572de327bdbd3fc92582721b2abcaa47787865590d89cb,${KICAD10_3DMODEL_DIR}/Capacitor_SMD.3dshapes/C_0805_2012Metric.step,Available
C16,Assemble,CL10B104KB8NNNC,Capacitor_SMD:C_0603_1608Metric,fe0dbfefbb181a0466f93a8de52d84ba7b00fcd9acdbb69575f4128a0af4e405,${KICAD10_3DMODEL_DIR}/Capacitor_SMD.3dshapes/C_0603_1608Metric.step,Available
C17,Assemble,CL31B106KAHNNNE,Capacitor_SMD:C_1206_3216Metric,b2e4a08e3aaf40bc587090190c0e3969e962d7ae962c172cce0581ae8327651c,${KICAD10_3DMODEL_DIR}/Capacitor_SMD.3dshapes/C_1206_3216Metric.step,Available
C18,Assemble,CL10B104KB8NNNC,Capacitor_SMD:C_0603_1608Metric,fe0dbfefbb181a0466f93a8de52d84ba7b00fcd9acdbb69575f4128a0af4e405,${KICAD10_3DMODEL_DIR}/Capacitor_SMD.3dshapes/C_0603_1608Metric.step,Available
C19,Assemble,CL31B106KAHNNNE,Capacitor_SMD:C_1206_3216Metric,b2e4a08e3aaf40bc587090190c0e3969e962d7ae962c172cce0581ae8327651c,${KICAD10_3DMODEL_DIR}/Capacitor_SMD.3dshapes/C_1206_3216Metric.step,Available
C20,Assemble,CL10B104KB8NNNC,Capacitor_SMD:C_0603_1608Metric,fe0dbfefbb181a0466f93a8de52d84ba7b00fcd9acdbb69575f4128a0af4e405,${KICAD10_3DMODEL_DIR}/Capacitor_SMD.3dshapes/C_0603_1608Metric.step,Available
C21,Assemble,CL21B225KAFNNNE,Capacitor_SMD:C_0805_2012Metric,62775a51fe74ba7f1b572de327bdbd3fc92582721b2abcaa47787865590d89cb,${KICAD10_3DMODEL_DIR}/Capacitor_SMD.3dshapes/C_0805_2012Metric.step,Available
C22,Assemble,CL21B225KAFNNNE,Capacitor_SMD:C_0805_2012Metric,62775a51fe74ba7f1b572de327bdbd3fc92582721b2abcaa47787865590d89cb,${KICAD10_3DMODEL_DIR}/Capacitor_SMD.3dshapes/C_0805_2012Metric.step,Available
C23,Assemble,CL21B225KAFNNNE,Capacitor_SMD:C_0805_2012Metric,62775a51fe74ba7f1b572de327bdbd3fc92582721b2abcaa47787865590d89cb,${KICAD10_3DMODEL_DIR}/Capacitor_SMD.3dshapes/C_0805_2012Metric.step,Available
C24,Assemble,CL21B225KAFNNNE,Capacitor_SMD:C_0805_2012Metric,62775a51fe74ba7f1b572de327bdbd3fc92582721b2abcaa47787865590d89cb,${KICAD10_3DMODEL_DIR}/Capacitor_SMD.3dshapes/C_0805_2012Metric.step,Available
C25,Assemble,CL10B104KB8NNNC,Capacitor_SMD:C_0603_1608Metric,fe0dbfefbb181a0466f93a8de52d84ba7b00fcd9acdbb69575f4128a0af4e405,${KICAD10_3DMODEL_DIR}/Capacitor_SMD.3dshapes/C_0603_1608Metric.step,Available
C26,Assemble,CL10C120JB8NNNC,Capacitor_SMD:C_0603_1608Metric,fe0dbfefbb181a0466f93a8de52d84ba7b00fcd9acdbb69575f4128a0af4e405,${KICAD10_3DMODEL_DIR}/Capacitor_SMD.3dshapes/C_0603_1608Metric.step,Available
C27,Assemble,CL10C150JB8NNNC,Capacitor_SMD:C_0603_1608Metric,fe0dbfefbb181a0466f93a8de52d84ba7b00fcd9acdbb69575f4128a0af4e405,${KICAD10_3DMODEL_DIR}/Capacitor_SMD.3dshapes/C_0603_1608Metric.step,Available
C28,Assemble,GRM2165C2A102JA01D,Capacitor_SMD:C_0805_2012Metric_Pad1.18x1.45mm_HandSolder,f8c503b9ea22ac32138eeca66ed7d0df566e405f5c3320c75474ca33d035645b,${KICAD10_3DMODEL_DIR}/Capacitor_SMD.3dshapes/C_0805_2012Metric.step,Available
C29,Assemble,GRM2165C2A102JA01D,Capacitor_SMD:C_0805_2012Metric_Pad1.18x1.45mm_HandSolder,f8c503b9ea22ac32138eeca66ed7d0df566e405f5c3320c75474ca33d035645b,${KICAD10_3DMODEL_DIR}/Capacitor_SMD.3dshapes/C_0805_2012Metric.step,Available
C30,Assemble,CC0805FRNPO0BN331,Capacitor_SMD:C_0805_2012Metric_Pad1.18x1.45mm_HandSolder,f8c503b9ea22ac32138eeca66ed7d0df566e405f5c3320c75474ca33d035645b,${KICAD10_3DMODEL_DIR}/Capacitor_SMD.3dshapes/C_0805_2012Metric.step,Available
C31,Assemble,CC0805FRNPO0BN331,Capacitor_SMD:C_0805_2012Metric_Pad1.18x1.45mm_HandSolder,f8c503b9ea22ac32138eeca66ed7d0df566e405f5c3320c75474ca33d035645b,${KICAD10_3DMODEL_DIR}/Capacitor_SMD.3dshapes/C_0805_2012Metric.step,Available
C32,Assemble,CC0805FRNPO0BN680,Capacitor_SMD:C_0805_2012Metric_Pad1.18x1.45mm_HandSolder,f8c503b9ea22ac32138eeca66ed7d0df566e405f5c3320c75474ca33d035645b,${KICAD10_3DMODEL_DIR}/Capacitor_SMD.3dshapes/C_0805_2012Metric.step,Available
C33,Assemble,CC0805FRNPO0BN680,Capacitor_SMD:C_0805_2012Metric_Pad1.18x1.45mm_HandSolder,f8c503b9ea22ac32138eeca66ed7d0df566e405f5c3320c75474ca33d035645b,${KICAD10_3DMODEL_DIR}/Capacitor_SMD.3dshapes/C_0805_2012Metric.step,Available
C34,DNP,,Nucula_Project:C_0805_HandSolder_NoPaste,0f560b881c89ce6d3345d033c6e99e79444aa229ea81f566c20fc8f781633be5,${KICAD10_3DMODEL_DIR}/Capacitor_SMD.3dshapes/C_0805_2012Metric.step,Available
C35,DNP,,Nucula_Project:C_0805_HandSolder_NoPaste,0f560b881c89ce6d3345d033c6e99e79444aa229ea81f566c20fc8f781633be5,${KICAD10_3DMODEL_DIR}/Capacitor_SMD.3dshapes/C_0805_2012Metric.step,Available
C36,Assemble,CC0805GRNPO0BN101,Capacitor_SMD:C_0805_2012Metric_Pad1.18x1.45mm_HandSolder,f8c503b9ea22ac32138eeca66ed7d0df566e405f5c3320c75474ca33d035645b,${KICAD10_3DMODEL_DIR}/Capacitor_SMD.3dshapes/C_0805_2012Metric.step,Available
C37,Assemble,CC0805GRNPO0BN101,Capacitor_SMD:C_0805_2012Metric_Pad1.18x1.45mm_HandSolder,f8c503b9ea22ac32138eeca66ed7d0df566e405f5c3320c75474ca33d035645b,${KICAD10_3DMODEL_DIR}/Capacitor_SMD.3dshapes/C_0805_2012Metric.step,Available
C38,DNP,,Nucula_Project:C_0805_HandSolder_NoPaste,0f560b881c89ce6d3345d033c6e99e79444aa229ea81f566c20fc8f781633be5,${KICAD10_3DMODEL_DIR}/Capacitor_SMD.3dshapes/C_0805_2012Metric.step,Available
C39,DNP,,Nucula_Project:C_0805_HandSolder_NoPaste,0f560b881c89ce6d3345d033c6e99e79444aa229ea81f566c20fc8f781633be5,${KICAD10_3DMODEL_DIR}/Capacitor_SMD.3dshapes/C_0805_2012Metric.step,Available
C53,Assemble,CC0805JRNPO0BN330,Capacitor_SMD:C_0805_2012Metric_Pad1.18x1.45mm_HandSolder,f8c503b9ea22ac32138eeca66ed7d0df566e405f5c3320c75474ca33d035645b,${KICAD10_3DMODEL_DIR}/Capacitor_SMD.3dshapes/C_0805_2012Metric.step,Available
C54,Assemble,CC0805JRNPO0BN330,Capacitor_SMD:C_0805_2012Metric_Pad1.18x1.45mm_HandSolder,f8c503b9ea22ac32138eeca66ed7d0df566e405f5c3320c75474ca33d035645b,${KICAD10_3DMODEL_DIR}/Capacitor_SMD.3dshapes/C_0805_2012Metric.step,Available
L2,Assemble,0805HP-151XGRC,Nucula_Project:L_Coilcraft_0805HP,66838ed167ad589148a2dbe48aeab41dd891ac5514c8695758ecf4a10d82027b,,No model assigned
L3,Assemble,0805HP-151XGRC,Nucula_Project:L_Coilcraft_0805HP,66838ed167ad589148a2dbe48aeab41dd891ac5514c8695758ecf4a10d82027b,,No model assigned
R21,Assemble,0603WAF1002T5E,Resistor_SMD:R_0603_1608Metric,7190ac4a00125b807e54129ef0d87d87f2a658eeb74d025a7028203419b09f23,${KICAD10_3DMODEL_DIR}/Resistor_SMD.3dshapes/R_0603_1608Metric.step,Available
R22,Assemble,0603WAF1003T5E,Resistor_SMD:R_0603_1608Metric,7190ac4a00125b807e54129ef0d87d87f2a658eeb74d025a7028203419b09f23,${KICAD10_3DMODEL_DIR}/Resistor_SMD.3dshapes/R_0603_1608Metric.step,Available
R23,Assemble,0603WAF1003T5E,Resistor_SMD:R_0603_1608Metric,7190ac4a00125b807e54129ef0d87d87f2a658eeb74d025a7028203419b09f23,${KICAD10_3DMODEL_DIR}/Resistor_SMD.3dshapes/R_0603_1608Metric.step,Available
R24,Assemble,0603WAF1003T5E,Resistor_SMD:R_0603_1608Metric,7190ac4a00125b807e54129ef0d87d87f2a658eeb74d025a7028203419b09f23,${KICAD10_3DMODEL_DIR}/Resistor_SMD.3dshapes/R_0603_1608Metric.step,Available
R25,Assemble,0805W8F2201T5E,Resistor_SMD:R_0805_2012Metric_Pad1.20x1.40mm_HandSolder,65b43c37de89b0bbef8ae60947737312e471fd0c58dac0258096c92b1d45cf32,${KICAD10_3DMODEL_DIR}/Resistor_SMD.3dshapes/R_0805_2012Metric.step,Available
R26,Assemble,0805W8F2201T5E,Resistor_SMD:R_0805_2012Metric_Pad1.20x1.40mm_HandSolder,65b43c37de89b0bbef8ae60947737312e471fd0c58dac0258096c92b1d45cf32,${KICAD10_3DMODEL_DIR}/Resistor_SMD.3dshapes/R_0805_2012Metric.step,Available
R27,Assemble,CRCW12062R70FKEAHP,Resistor_SMD:R_1206_3216Metric_Pad1.30x1.75mm_HandSolder,eb7df3a8e7fd4575d8c823c93c899889ea660783b0de17056f255044ed0fb121,${KICAD10_3DMODEL_DIR}/Resistor_SMD.3dshapes/R_1206_3216Metric.step,Available
R28,Assemble,CRCW12062R70FKEAHP,Resistor_SMD:R_1206_3216Metric_Pad1.30x1.75mm_HandSolder,eb7df3a8e7fd4575d8c823c93c899889ea660783b0de17056f255044ed0fb121,${KICAD10_3DMODEL_DIR}/Resistor_SMD.3dshapes/R_1206_3216Metric.step,Available
R29,Assemble,0603WAF0000T5E,Resistor_SMD:R_0603_1608Metric,7190ac4a00125b807e54129ef0d87d87f2a658eeb74d025a7028203419b09f23,${KICAD10_3DMODEL_DIR}/Resistor_SMD.3dshapes/R_0603_1608Metric.step,Available
R41,Assemble,RC0805JR-070RL,Resistor_SMD:R_0805_2012Metric_Pad1.20x1.40mm_HandSolder,65b43c37de89b0bbef8ae60947737312e471fd0c58dac0258096c92b1d45cf32,${KICAD10_3DMODEL_DIR}/Resistor_SMD.3dshapes/R_0805_2012Metric.step,Available
R42,Assemble,RC0805JR-070RL,Resistor_SMD:R_0805_2012Metric_Pad1.20x1.40mm_HandSolder,65b43c37de89b0bbef8ae60947737312e471fd0c58dac0258096c92b1d45cf32,${KICAD10_3DMODEL_DIR}/Resistor_SMD.3dshapes/R_0805_2012Metric.step,Available
U6,Assemble,PN7160A1HN/C100E,Nucula_Project:PN7160A1HN_C100E,f455900b576f9b21f73dc5a8e3128d7de5aef16a04b37e44b98fdde90b69d69e,${KIPRJMOD}/libraries/Nucula_Project.3dshapes/PN7160A1HN_C100E.step,Available
Y1,Assemble,NX2016SA-27.12MHZ-EXS00A-CS06346,Nucula_Project:Crystal_NDK_NX2016SA_2.0x1.6mm,dc0e67bdaaa16616443535b7afa4fb4d7dfef767182ca6419fe5ffdfa59e1f77,${KICAD10_3DMODEL_DIR}/Crystal.3dshapes/Crystal_SMD_2016-4Pin_2.0x1.6mm.step,Available
C40,Assemble,CL31B106KAHNNNE,Capacitor_SMD:C_1206_3216Metric,b2e4a08e3aaf40bc587090190c0e3969e962d7ae962c172cce0581ae8327651c,${KICAD10_3DMODEL_DIR}/Capacitor_SMD.3dshapes/C_1206_3216Metric.step,Available
C41,Assemble,CL10C220JB8NNNC,Capacitor_SMD:C_0603_1608Metric,fe0dbfefbb181a0466f93a8de52d84ba7b00fcd9acdbb69575f4128a0af4e405,${KICAD10_3DMODEL_DIR}/Capacitor_SMD.3dshapes/C_0603_1608Metric.step,Available
C42,Assemble,CL21B105KBFNNNE,Capacitor_SMD:C_0805_2012Metric,62775a51fe74ba7f1b572de327bdbd3fc92582721b2abcaa47787865590d89cb,${KICAD10_3DMODEL_DIR}/Capacitor_SMD.3dshapes/C_0805_2012Metric.step,Available
C43,Assemble,CL10B104KB8NNNC,Capacitor_SMD:C_0603_1608Metric,fe0dbfefbb181a0466f93a8de52d84ba7b00fcd9acdbb69575f4128a0af4e405,${KICAD10_3DMODEL_DIR}/Capacitor_SMD.3dshapes/C_0603_1608Metric.step,Available
C44,Assemble,CL21B475KAFNNNE,Capacitor_SMD:C_0805_2012Metric,62775a51fe74ba7f1b572de327bdbd3fc92582721b2abcaa47787865590d89cb,${KICAD10_3DMODEL_DIR}/Capacitor_SMD.3dshapes/C_0805_2012Metric.step,Available
C45,Assemble,CL10B104KB8NNNC,Capacitor_SMD:C_0603_1608Metric,fe0dbfefbb181a0466f93a8de52d84ba7b00fcd9acdbb69575f4128a0af4e405,${KICAD10_3DMODEL_DIR}/Capacitor_SMD.3dshapes/C_0603_1608Metric.step,Available
C46,Assemble,CL31B475KBHNNNE,Capacitor_SMD:C_1206_3216Metric,b2e4a08e3aaf40bc587090190c0e3969e962d7ae962c172cce0581ae8327651c,${KICAD10_3DMODEL_DIR}/Capacitor_SMD.3dshapes/C_1206_3216Metric.step,Available
C47,Assemble,CL21B225KAFNNNE,Capacitor_SMD:C_0805_2012Metric,62775a51fe74ba7f1b572de327bdbd3fc92582721b2abcaa47787865590d89cb,${KICAD10_3DMODEL_DIR}/Capacitor_SMD.3dshapes/C_0805_2012Metric.step,Available
C48,Assemble,CL10B104KB8NNNC,Capacitor_SMD:C_0603_1608Metric,fe0dbfefbb181a0466f93a8de52d84ba7b00fcd9acdbb69575f4128a0af4e405,${KICAD10_3DMODEL_DIR}/Capacitor_SMD.3dshapes/C_0603_1608Metric.step,Available
D4,Assemble,SS14-E3/61T,Diode_SMD:D_SMA,f7cba3b52ed8b34dce89170722de58324eac04e9e61a095e0eab37b9ca93cb7f,${KICAD10_3DMODEL_DIR}/Diode_SMD.3dshapes/D_SMA.step,Available
DS1,Assemble,FH12-26S-0.5SH(55),Connector_FFC-FPC:Hirose_FH12-26S-0.5SH_1x26-1MP_P0.50mm_Horizontal,4976dcf8b5a391863b089b0ae59e7093752aad1a2f0d3fc5453da83732aa4b17,${KICAD10_3DMODEL_DIR}/Connector_FFC-FPC.3dshapes/Hirose_FH12-26S-0.5SH_1x26-1MP_P0.50mm_Horizontal.step,Available
L4,Assemble,LPS4018-103MRC,Nucula_Project:L_Coilcraft_LPS4018,eba2835b26e2022e44edca5d349be24f8522d7ce450dc189bf3d261225c580be,,No model assigned
Q3,Assemble,IRLML6402TRPBF,Package_TO_SOT_SMD:SOT-23,0d88c86c1b6d8c1aae4aa8c09386264c089d4451a128b6ccd63ed253f4300b15,${KICAD10_3DMODEL_DIR}/Package_TO_SOT_SMD.3dshapes/SOT-23.step,Available
Q4,Assemble,BSS138,Package_TO_SOT_SMD:SOT-23,0d88c86c1b6d8c1aae4aa8c09386264c089d4451a128b6ccd63ed253f4300b15,${KICAD10_3DMODEL_DIR}/Package_TO_SOT_SMD.3dshapes/SOT-23.step,Available
Q5,Assemble,BSS138,Package_TO_SOT_SMD:SOT-23,0d88c86c1b6d8c1aae4aa8c09386264c089d4451a128b6ccd63ed253f4300b15,${KICAD10_3DMODEL_DIR}/Package_TO_SOT_SMD.3dshapes/SOT-23.step,Available
R30,Assemble,CPF0805B1M8E,Resistor_SMD:R_0805_2012Metric,f050b6a50cc7e6f86291fb7aa8f87b0d02255e21cfbddf291cdccc87e5889794,${KICAD10_3DMODEL_DIR}/Resistor_SMD.3dshapes/R_0805_2012Metric.step,Available
R31,Assemble,RT0603BRD07200KL,Resistor_SMD:R_0603_1608Metric,7190ac4a00125b807e54129ef0d87d87f2a658eeb74d025a7028203419b09f23,${KICAD10_3DMODEL_DIR}/Resistor_SMD.3dshapes/R_0603_1608Metric.step,Available
R32,Assemble,0603WAF9103T5E,Resistor_SMD:R_0603_1608Metric,7190ac4a00125b807e54129ef0d87d87f2a658eeb74d025a7028203419b09f23,${KICAD10_3DMODEL_DIR}/Resistor_SMD.3dshapes/R_0603_1608Metric.step,Available
R33,Assemble,0603WAF1003T5E,Resistor_SMD:R_0603_1608Metric,7190ac4a00125b807e54129ef0d87d87f2a658eeb74d025a7028203419b09f23,${KICAD10_3DMODEL_DIR}/Resistor_SMD.3dshapes/R_0603_1608Metric.step,Available
R34,Assemble,0603WAF1003T5E,Resistor_SMD:R_0603_1608Metric,7190ac4a00125b807e54129ef0d87d87f2a658eeb74d025a7028203419b09f23,${KICAD10_3DMODEL_DIR}/Resistor_SMD.3dshapes/R_0603_1608Metric.step,Available
R35,Assemble,0603WAF1002T5E,Resistor_SMD:R_0603_1608Metric,7190ac4a00125b807e54129ef0d87d87f2a658eeb74d025a7028203419b09f23,${KICAD10_3DMODEL_DIR}/Resistor_SMD.3dshapes/R_0603_1608Metric.step,Available
R36,Assemble,0603WAF1003T5E,Resistor_SMD:R_0603_1608Metric,7190ac4a00125b807e54129ef0d87d87f2a658eeb74d025a7028203419b09f23,${KICAD10_3DMODEL_DIR}/Resistor_SMD.3dshapes/R_0603_1608Metric.step,Available
U7,Assemble,AP3012KTR-E1,Package_TO_SOT_SMD:SOT-23-5,455a3f7c3e5eb5b8847eaa5df23e18651e78ab9f75afd09a0883758a0d901761,${KICAD10_3DMODEL_DIR}/Package_TO_SOT_SMD.3dshapes/SOT-23-5.step,Available
C51,Assemble,CL10B104KB8NNNC,Capacitor_SMD:C_0603_1608Metric,fe0dbfefbb181a0466f93a8de52d84ba7b00fcd9acdbb69575f4128a0af4e405,${KICAD10_3DMODEL_DIR}/Capacitor_SMD.3dshapes/C_0603_1608Metric.step,Available
C52,Assemble,CL21B105KBFNNNE,Capacitor_SMD:C_0805_2012Metric,62775a51fe74ba7f1b572de327bdbd3fc92582721b2abcaa47787865590d89cb,${KICAD10_3DMODEL_DIR}/Capacitor_SMD.3dshapes/C_0805_2012Metric.step,Available
J3,DNP,,Connector_PinHeader_2.54mm:PinHeader_1x09_P2.54mm_Vertical,39d15d5879276b7358063c0e12600a00ca4ab11732ca325890e9825ea11593c5,${KICAD10_3DMODEL_DIR}/Connector_PinHeader_2.54mm.3dshapes/PinHeader_1x09_P2.54mm_Vertical.step,Available
J5,DNP,,Connector_PinHeader_2.54mm:PinHeader_1x05_P2.54mm_Vertical,4b62e226ec163657a79acde1229c1fca2b2453ff75fddcbc038fc7484bbc2711,${KICAD10_3DMODEL_DIR}/Connector_PinHeader_2.54mm.3dshapes/PinHeader_1x05_P2.54mm_Vertical.step,Available
R37,Assemble,0603WAF1002T5E,Resistor_SMD:R_0603_1608Metric,7190ac4a00125b807e54129ef0d87d87f2a658eeb74d025a7028203419b09f23,${KICAD10_3DMODEL_DIR}/Resistor_SMD.3dshapes/R_0603_1608Metric.step,Available
R38,DNP,,Resistor_SMD:R_0603_1608Metric,7190ac4a00125b807e54129ef0d87d87f2a658eeb74d025a7028203419b09f23,${KICAD10_3DMODEL_DIR}/Resistor_SMD.3dshapes/R_0603_1608Metric.step,Available
R39,DNP,,Resistor_SMD:R_0603_1608Metric,7190ac4a00125b807e54129ef0d87d87f2a658eeb74d025a7028203419b09f23,${KICAD10_3DMODEL_DIR}/Resistor_SMD.3dshapes/R_0603_1608Metric.step,Available
U8,Assemble,"PCF8574T/3,518",Package_SO:SOIC-16W_7.5x10.3mm_P1.27mm,07aa02ced9fcdc61d7c6bb5ea1b86803731041e9e171db91a991c3daa7817383,${KICAD10_3DMODEL_DIR}/Package_SO.3dshapes/SOIC-16W_7.5x10.3mm_P1.27mm.step,Available
